﻿<?xml version="1.0" encoding="utf-8"?>
<entries>
  <entry time="2025-06-23T23:49:00.2512373Z" type="Message">
    <message>[Information] [user: $eshopdemo] [538c41a2-82fd-43dd-87b9-b6edee314502] WebDeploy operation complete. Performing post-deployment operations.</message>
  </entry>
  <entry time="2025-06-23T23:49:00.3449931Z" type="Message">
    <message>[Verbose] [user: $eshopdemo] Skip function trigger and logicapp sync because function is not enabled.</message>
  </entry>
  <entry time="2025-06-23T23:49:00.3449931Z" type="Message">
    <message>[Verbose] [user: $eshopdemo] AutoSwap is not enabled</message>
  </entry>
  <entry time="2025-06-23T23:49:00.3449931Z" type="Message">
    <message>[Information] [user: $eshopdemo] [538c41a2-82fd-43dd-87b9-b6edee314502] Post-deployment operations complete.</message>
  </entry>
</entries>