<Events><Event><System><Provider Name=".NET Runtime"/><EventID>1026</EventID><Level>1</Level><Task>0</Task><Keywords>Keywords</Keywords><TimeCreated SystemTime="2025-06-23T23:49:15Z"/><EventRecordID>1635625484</EventRecordID><Channel>Application</Channel><Computer>WEBWK000003</Computer><Security/></System><EventData><Data>Application: w3wp.exe
CoreCLR Version: 8.0.1625.21506
.NET Version: 8.0.16
Description: The process was terminated due to an unhandled exception.
Exception Info: System.UriFormatException: Invalid URI: The URI is empty.
   at System.Uri.CreateThis(String uri, Boolean dontEscape, UriKind uriKind, UriCreationOptions&amp; creationOptions)
   at System.Uri..ctor(String uriString)
   at Program.&lt;Main&gt;$(String[] args) in D:\repos\src\Web\Program.cs:line 32
   at Program.&lt;Main&gt;(String[] args)
</Data></EventData></Event><Event><System><Provider Name="IIS AspNetCore Module V2"/><EventID>1018</EventID><Level>1</Level><Task>0</Task><Keywords>Keywords</Keywords><TimeCreated SystemTime="2025-06-23T23:49:15Z"/><EventRecordID>1635625484</EventRecordID><Channel>Application</Channel><Computer>WEBWK000003</Computer><Security/></System><EventData><Data>Application '/LM/W3SVC/165927830/ROOT' with physical root 'C:\home\site\wwwroot\' hit unexpected managed exception, exception code = '0xe0434352'. First 30KB characters of captured stdout and stderr logs:
Unhandled exception. System.UriFormatException: Invalid URI: The URI is empty.
   at System.Uri.CreateThis(String uri, Boolean dontEscape, UriKind uriKind, UriCreationOptions&amp; creationOptions)
   at System.Uri..ctor(String uriString)
   at Program.&lt;Main&gt;$(String[] args) in D:\repos\src\Web\Program.cs:line 32
   at Program.&lt;Main&gt;(String[] args)
</Data><Data>Process Id: 676.</Data><Data>File Version: 18.0.25107.16. Description: IIS ASP.NET Core Module V2 Request Handler. Commit: </Data></EventData></Event><Event><System><Provider Name="IIS AspNetCore Module V2"/><EventID>1007</EventID><Level>1</Level><Task>0</Task><Keywords>Keywords</Keywords><TimeCreated SystemTime="2025-06-23T23:49:15Z"/><EventRecordID>1635625500</EventRecordID><Channel>Application</Channel><Computer>WEBWK000003</Computer><Security/></System><EventData><Data>Application '/LM/W3SVC/165927830/ROOT' with physical root 'C:\home\site\wwwroot\' failed to load coreclr. Exception message:
CLR worker thread exited prematurely</Data><Data>Process Id: 676.</Data><Data>File Version: 18.0.25107.16. Description: IIS ASP.NET Core Module V2 Request Handler. Commit: </Data></EventData></Event><Event><System><Provider Name=".NET Runtime"/><EventID>1000</EventID><Level>1</Level><Task>0</Task><Keywords>Keywords</Keywords><TimeCreated SystemTime="2025-06-23T23:50:57Z"/><EventRecordID>1635727937</EventRecordID><Channel>Application</Channel><Computer>WEBWK000003</Computer><Security/></System><EventData><Data>Category: Web
EventId: 0

An exception has been raised that is likely due to a transient failure. Consider enabling transient error resiliency by adding 'EnableRetryOnFailure' to the 'UseSqlServer' call.
</Data></EventData></Event><Event><System><Provider Name=".NET Runtime"/><EventID>1000</EventID><Level>1</Level><Task>0</Task><Keywords>Keywords</Keywords><TimeCreated SystemTime="2025-06-23T23:51:12Z"/><EventRecordID>1635742703</EventRecordID><Channel>Application</Channel><Computer>WEBWK000003</Computer><Security/></System><EventData><Data>Category: Web
EventId: 0

An exception has been raised that is likely due to a transient failure. Consider enabling transient error resiliency by adding 'EnableRetryOnFailure' to the 'UseSqlServer' call.
</Data></EventData></Event><Event><System><Provider Name=".NET Runtime"/><EventID>1000</EventID><Level>1</Level><Task>0</Task><Keywords>Keywords</Keywords><TimeCreated SystemTime="2025-06-23T23:51:27Z"/><EventRecordID>1635757453</EventRecordID><Channel>Application</Channel><Computer>WEBWK000003</Computer><Security/></System><EventData><Data>Category: Web
EventId: 0

An exception has been raised that is likely due to a transient failure. Consider enabling transient error resiliency by adding 'EnableRetryOnFailure' to the 'UseSqlServer' call.
</Data></EventData></Event><Event><System><Provider Name=".NET Runtime"/><EventID>1000</EventID><Level>1</Level><Task>0</Task><Keywords>Keywords</Keywords><TimeCreated SystemTime="2025-06-23T23:51:42Z"/><EventRecordID>1635772203</EventRecordID><Channel>Application</Channel><Computer>WEBWK000003</Computer><Security/></System><EventData><Data>Category: Web
EventId: 0

An exception has been raised that is likely due to a transient failure. Consider enabling transient error resiliency by adding 'EnableRetryOnFailure' to the 'UseSqlServer' call.
</Data></EventData></Event><Event><System><Provider Name=".NET Runtime"/><EventID>1000</EventID><Level>1</Level><Task>0</Task><Keywords>Keywords</Keywords><TimeCreated SystemTime="2025-06-23T23:51:56Z"/><EventRecordID>1635786953</EventRecordID><Channel>Application</Channel><Computer>WEBWK000003</Computer><Security/></System><EventData><Data>Category: Web
EventId: 0

An exception has been raised that is likely due to a transient failure. Consider enabling transient error resiliency by adding 'EnableRetryOnFailure' to the 'UseSqlServer' call.
</Data></EventData></Event><Event><System><Provider Name=".NET Runtime"/><EventID>1000</EventID><Level>1</Level><Task>0</Task><Keywords>Keywords</Keywords><TimeCreated SystemTime="2025-06-23T23:52:11Z"/><EventRecordID>1635801671</EventRecordID><Channel>Application</Channel><Computer>WEBWK000003</Computer><Security/></System><EventData><Data>Category: Web
EventId: 0

An exception has been raised that is likely due to a transient failure. Consider enabling transient error resiliency by adding 'EnableRetryOnFailure' to the 'UseSqlServer' call.
</Data></EventData></Event><Event><System><Provider Name=".NET Runtime"/><EventID>1000</EventID><Level>1</Level><Task>0</Task><Keywords>Keywords</Keywords><TimeCreated SystemTime="2025-06-23T23:52:26Z"/><EventRecordID>1635816421</EventRecordID><Channel>Application</Channel><Computer>WEBWK000003</Computer><Security/></System><EventData><Data>Category: Web
EventId: 0

An exception has been raised that is likely due to a transient failure. Consider enabling transient error resiliency by adding 'EnableRetryOnFailure' to the 'UseSqlServer' call.
</Data></EventData></Event><Event><System><Provider Name="IIS AspNetCore Module V2"/><EventID>1005</EventID><Level>2</Level><Task>0</Task><Keywords>Keywords</Keywords><TimeCreated SystemTime="2025-06-23T23:52:40Z"/><EventRecordID>1635830562</EventRecordID><Channel>Application</Channel><Computer>WEBWK000003</Computer><Security/></System><EventData><Data>Failed to gracefully shutdown application 'MACHINE/WEBROOT/APPHOST/ESHOPDEMO'.</Data><Data>Process Id: 7280.</Data><Data>File Version: 18.0.25107.16. Description: IIS ASP.NET Core Module V2 Request Handler. Commit: </Data></EventData></Event><Event><System><Provider Name="IIS AspNetCore Module V2"/><EventID>1007</EventID><Level>1</Level><Task>0</Task><Keywords>Keywords</Keywords><TimeCreated SystemTime="2025-06-23T23:52:40Z"/><EventRecordID>1635830562</EventRecordID><Channel>Application</Channel><Computer>WEBWK000003</Computer><Security/></System><EventData><Data>Application '/LM/W3SVC/165927830/ROOT' with physical root 'C:\home\site\wwwroot\' failed to load coreclr. Exception message:
Managed server didn't initialize after 120000 ms.</Data><Data>Process Id: 7280.</Data><Data>File Version: 18.0.25107.16. Description: IIS ASP.NET Core Module V2 Request Handler. Commit: </Data></EventData></Event><Event><System><Provider Name=".NET Runtime"/><EventID>1000</EventID><Level>1</Level><Task>0</Task><Keywords>Keywords</Keywords><TimeCreated SystemTime="2025-06-23T23:52:41Z"/><EventRecordID>1635831156</EventRecordID><Channel>Application</Channel><Computer>WEBWK000003</Computer><Security/></System><EventData><Data>Category: Web
EventId: 0

An exception has been raised that is likely due to a transient failure. Consider enabling transient error resiliency by adding 'EnableRetryOnFailure' to the 'UseSqlServer' call.
</Data></EventData></Event><Event><System><Provider Name=".NET Runtime"/><EventID>1000</EventID><Level>1</Level><Task>0</Task><Keywords>Keywords</Keywords><TimeCreated SystemTime="2025-06-23T23:53:02Z"/><EventRecordID>1635853062</EventRecordID><Channel>Application</Channel><Computer>WEBWK000003</Computer><Security/></System><EventData><Data>Category: Web
EventId: 0

An exception has been raised that is likely due to a transient failure. Consider enabling transient error resiliency by adding 'EnableRetryOnFailure' to the 'UseSqlServer' call.
</Data></EventData></Event><Event><System><Provider Name=".NET Runtime"/><EventID>1000</EventID><Level>1</Level><Task>0</Task><Keywords>Keywords</Keywords><TimeCreated SystemTime="2025-06-23T23:53:17Z"/><EventRecordID>1635867765</EventRecordID><Channel>Application</Channel><Computer>WEBWK000003</Computer><Security/></System><EventData><Data>Category: Web
EventId: 0

An exception has been raised that is likely due to a transient failure. Consider enabling transient error resiliency by adding 'EnableRetryOnFailure' to the 'UseSqlServer' call.
</Data></EventData></Event><Event><System><Provider Name=".NET Runtime"/><EventID>1000</EventID><Level>1</Level><Task>0</Task><Keywords>Keywords</Keywords><TimeCreated SystemTime="2025-06-23T23:53:32Z"/><EventRecordID>1635882531</EventRecordID><Channel>Application</Channel><Computer>WEBWK000003</Computer><Security/></System><EventData><Data>Category: Web
EventId: 0

An exception has been raised that is likely due to a transient failure. Consider enabling transient error resiliency by adding 'EnableRetryOnFailure' to the 'UseSqlServer' call.
</Data></EventData></Event><Event><System><Provider Name=".NET Runtime"/><EventID>1000</EventID><Level>1</Level><Task>0</Task><Keywords>Keywords</Keywords><TimeCreated SystemTime="2025-06-23T23:53:47Z"/><EventRecordID>1635897250</EventRecordID><Channel>Application</Channel><Computer>WEBWK000003</Computer><Security/></System><EventData><Data>Category: Web
EventId: 0

An exception has been raised that is likely due to a transient failure. Consider enabling transient error resiliency by adding 'EnableRetryOnFailure' to the 'UseSqlServer' call.
</Data></EventData></Event><Event><System><Provider Name=".NET Runtime"/><EventID>1000</EventID><Level>1</Level><Task>0</Task><Keywords>Keywords</Keywords><TimeCreated SystemTime="2025-06-23T23:54:01Z"/><EventRecordID>1635912000</EventRecordID><Channel>Application</Channel><Computer>WEBWK000003</Computer><Security/></System><EventData><Data>Category: Web
EventId: 0

An exception has been raised that is likely due to a transient failure. Consider enabling transient error resiliency by adding 'EnableRetryOnFailure' to the 'UseSqlServer' call.
</Data></EventData></Event><Event><System><Provider Name=".NET Runtime"/><EventID>1000</EventID><Level>1</Level><Task>0</Task><Keywords>Keywords</Keywords><TimeCreated SystemTime="2025-06-23T23:54:16Z"/><EventRecordID>1635926718</EventRecordID><Channel>Application</Channel><Computer>WEBWK000003</Computer><Security/></System><EventData><Data>Category: Web
EventId: 0

An exception has been raised that is likely due to a transient failure. Consider enabling transient error resiliency by adding 'EnableRetryOnFailure' to the 'UseSqlServer' call.
</Data></EventData></Event><Event><System><Provider Name=".NET Runtime"/><EventID>1000</EventID><Level>1</Level><Task>0</Task><Keywords>Keywords</Keywords><TimeCreated SystemTime="2025-06-23T23:54:31Z"/><EventRecordID>1635941453</EventRecordID><Channel>Application</Channel><Computer>WEBWK000003</Computer><Security/></System><EventData><Data>Category: Web
EventId: 0

An exception has been raised that is likely due to a transient failure. Consider enabling transient error resiliency by adding 'EnableRetryOnFailure' to the 'UseSqlServer' call.
</Data></EventData></Event><Event><System><Provider Name=".NET Runtime"/><EventID>1000</EventID><Level>1</Level><Task>0</Task><Keywords>Keywords</Keywords><TimeCreated SystemTime="2025-06-23T23:54:46Z"/><EventRecordID>1635956187</EventRecordID><Channel>Application</Channel><Computer>WEBWK000003</Computer><Security/></System><EventData><Data>Category: Web
EventId: 0

An exception has been raised that is likely due to a transient failure. Consider enabling transient error resiliency by adding 'EnableRetryOnFailure' to the 'UseSqlServer' call.
</Data></EventData></Event><Event><System><Provider Name="IIS AspNetCore Module V2"/><EventID>1005</EventID><Level>2</Level><Task>0</Task><Keywords>Keywords</Keywords><TimeCreated SystemTime="2025-06-23T23:54:46Z"/><EventRecordID>1635956234</EventRecordID><Channel>Application</Channel><Computer>WEBWK000003</Computer><Security/></System><EventData><Data>Failed to gracefully shutdown application 'MACHINE/WEBROOT/APPHOST/ESHOPDEMO'.</Data><Data>Process Id: 4548.</Data><Data>File Version: 18.0.25107.16. Description: IIS ASP.NET Core Module V2 Request Handler. Commit: </Data></EventData></Event><Event><System><Provider Name="IIS AspNetCore Module V2"/><EventID>1007</EventID><Level>1</Level><Task>0</Task><Keywords>Keywords</Keywords><TimeCreated SystemTime="2025-06-23T23:54:46Z"/><EventRecordID>1635956234</EventRecordID><Channel>Application</Channel><Computer>WEBWK000003</Computer><Security/></System><EventData><Data>Application '/LM/W3SVC/165927830/ROOT' with physical root 'C:\home\site\wwwroot\' failed to load coreclr. Exception message:
Managed server didn't initialize after 120000 ms.</Data><Data>Process Id: 4548.</Data><Data>File Version: 18.0.25107.16. Description: IIS ASP.NET Core Module V2 Request Handler. Commit: </Data></EventData></Event><Event><System><Provider Name=".NET Runtime"/><EventID>1000</EventID><Level>1</Level><Task>0</Task><Keywords>Keywords</Keywords><TimeCreated SystemTime="2025-06-23T23:55:06Z"/><EventRecordID>1635976546</EventRecordID><Channel>Application</Channel><Computer>WEBWK000003</Computer><Security/></System><EventData><Data>Category: Web
EventId: 0

An exception has been raised that is likely due to a transient failure. Consider enabling transient error resiliency by adding 'EnableRetryOnFailure' to the 'UseSqlServer' call.
</Data></EventData></Event><Event><System><Provider Name=".NET Runtime"/><EventID>1000</EventID><Level>1</Level><Task>0</Task><Keywords>Keywords</Keywords><TimeCreated SystemTime="2025-06-23T23:55:21Z"/><EventRecordID>1635991281</EventRecordID><Channel>Application</Channel><Computer>WEBWK000003</Computer><Security/></System><EventData><Data>Category: Web
EventId: 0

An exception has been raised that is likely due to a transient failure. Consider enabling transient error resiliency by adding 'EnableRetryOnFailure' to the 'UseSqlServer' call.
</Data></EventData></Event><Event><System><Provider Name=".NET Runtime"/><EventID>1000</EventID><Level>1</Level><Task>0</Task><Keywords>Keywords</Keywords><TimeCreated SystemTime="2025-06-23T23:55:35Z"/><EventRecordID>1636006031</EventRecordID><Channel>Application</Channel><Computer>WEBWK000003</Computer><Security/></System><EventData><Data>Category: Web
EventId: 0

An exception has been raised that is likely due to a transient failure. Consider enabling transient error resiliency by adding 'EnableRetryOnFailure' to the 'UseSqlServer' call.
</Data></EventData></Event><Event><System><Provider Name=".NET Runtime"/><EventID>1000</EventID><Level>1</Level><Task>0</Task><Keywords>Keywords</Keywords><TimeCreated SystemTime="2025-06-23T23:55:50Z"/><EventRecordID>1636020765</EventRecordID><Channel>Application</Channel><Computer>WEBWK000003</Computer><Security/></System><EventData><Data>Category: Web
EventId: 0

An exception has been raised that is likely due to a transient failure. Consider enabling transient error resiliency by adding 'EnableRetryOnFailure' to the 'UseSqlServer' call.
</Data></EventData></Event><Event><System><Provider Name=".NET Runtime"/><EventID>1000</EventID><Level>1</Level><Task>0</Task><Keywords>Keywords</Keywords><TimeCreated SystemTime="2025-06-23T23:56:05Z"/><EventRecordID>1636035515</EventRecordID><Channel>Application</Channel><Computer>WEBWK000003</Computer><Security/></System><EventData><Data>Category: Web
EventId: 0

An exception has been raised that is likely due to a transient failure. Consider enabling transient error resiliency by adding 'EnableRetryOnFailure' to the 'UseSqlServer' call.
</Data></EventData></Event><Event><System><Provider Name=".NET Runtime"/><EventID>1000</EventID><Level>1</Level><Task>0</Task><Keywords>Keywords</Keywords><TimeCreated SystemTime="2025-06-23T23:56:20Z"/><EventRecordID>1636050265</EventRecordID><Channel>Application</Channel><Computer>WEBWK000003</Computer><Security/></System><EventData><Data>Category: Web
EventId: 0

An exception has been raised that is likely due to a transient failure. Consider enabling transient error resiliency by adding 'EnableRetryOnFailure' to the 'UseSqlServer' call.
</Data></EventData></Event><Event><System><Provider Name=".NET Runtime"/><EventID>1000</EventID><Level>1</Level><Task>0</Task><Keywords>Keywords</Keywords><TimeCreated SystemTime="2025-06-23T23:56:34Z"/><EventRecordID>1636065000</EventRecordID><Channel>Application</Channel><Computer>WEBWK000003</Computer><Security/></System><EventData><Data>Category: Web
EventId: 0

An exception has been raised that is likely due to a transient failure. Consider enabling transient error resiliency by adding 'EnableRetryOnFailure' to the 'UseSqlServer' call.
</Data></EventData></Event><Event><System><Provider Name="IIS AspNetCore Module V2"/><EventID>1005</EventID><Level>2</Level><Task>0</Task><Keywords>Keywords</Keywords><TimeCreated SystemTime="2025-06-23T23:56:49Z"/><EventRecordID>1636079703</EventRecordID><Channel>Application</Channel><Computer>WEBWK000003</Computer><Security/></System><EventData><Data>Failed to gracefully shutdown application 'MACHINE/WEBROOT/APPHOST/ESHOPDEMO'.</Data><Data>Process Id: 6788.</Data><Data>File Version: 18.0.25107.16. Description: IIS ASP.NET Core Module V2 Request Handler. Commit: </Data></EventData></Event><Event><System><Provider Name="IIS AspNetCore Module V2"/><EventID>1007</EventID><Level>1</Level><Task>0</Task><Keywords>Keywords</Keywords><TimeCreated SystemTime="2025-06-23T23:56:49Z"/><EventRecordID>1636079703</EventRecordID><Channel>Application</Channel><Computer>WEBWK000003</Computer><Security/></System><EventData><Data>Application '/LM/W3SVC/165927830/ROOT' with physical root 'C:\home\site\wwwroot\' failed to load coreclr. Exception message:
Managed server didn't initialize after 120000 ms.</Data><Data>Process Id: 6788.</Data><Data>File Version: 18.0.25107.16. Description: IIS ASP.NET Core Module V2 Request Handler. Commit: </Data></EventData></Event><Event><System><Provider Name=".NET Runtime"/><EventID>1000</EventID><Level>1</Level><Task>0</Task><Keywords>Keywords</Keywords><TimeCreated SystemTime="2025-06-23T23:56:49Z"/><EventRecordID>1636079734</EventRecordID><Channel>Application</Channel><Computer>WEBWK000003</Computer><Security/></System><EventData><Data>Category: Web
EventId: 0

An exception has been raised that is likely due to a transient failure. Consider enabling transient error resiliency by adding 'EnableRetryOnFailure' to the 'UseSqlServer' call.
</Data></EventData></Event><Event><System><Provider Name=".NET Runtime"/><EventID>1000</EventID><Level>1</Level><Task>0</Task><Keywords>Keywords</Keywords><TimeCreated SystemTime="2025-06-23T23:57:26Z"/><EventRecordID>1636116140</EventRecordID><Channel>Application</Channel><Computer>WEBWK000003</Computer><Security/></System><EventData><Data>Category: Web
EventId: 0

An exception has been raised that is likely due to a transient failure. Consider enabling transient error resiliency by adding 'EnableRetryOnFailure' to the 'UseSqlServer' call.
</Data></EventData></Event><Event><System><Provider Name=".NET Runtime"/><EventID>1000</EventID><Level>1</Level><Task>0</Task><Keywords>Keywords</Keywords><TimeCreated SystemTime="2025-06-23T23:57:40Z"/><EventRecordID>1636130906</EventRecordID><Channel>Application</Channel><Computer>WEBWK000003</Computer><Security/></System><EventData><Data>Category: Web
EventId: 0

An exception has been raised that is likely due to a transient failure. Consider enabling transient error resiliency by adding 'EnableRetryOnFailure' to the 'UseSqlServer' call.
</Data></EventData></Event><Event><System><Provider Name=".NET Runtime"/><EventID>1000</EventID><Level>1</Level><Task>0</Task><Keywords>Keywords</Keywords><TimeCreated SystemTime="2025-06-23T23:57:55Z"/><EventRecordID>1636145640</EventRecordID><Channel>Application</Channel><Computer>WEBWK000003</Computer><Security/></System><EventData><Data>Category: Web
EventId: 0

An exception has been raised that is likely due to a transient failure. Consider enabling transient error resiliency by adding 'EnableRetryOnFailure' to the 'UseSqlServer' call.
</Data></EventData></Event><Event><System><Provider Name=".NET Runtime"/><EventID>1000</EventID><Level>1</Level><Task>0</Task><Keywords>Keywords</Keywords><TimeCreated SystemTime="2025-06-23T23:58:10Z"/><EventRecordID>1636160390</EventRecordID><Channel>Application</Channel><Computer>WEBWK000003</Computer><Security/></System><EventData><Data>Category: Web
EventId: 0

An exception has been raised that is likely due to a transient failure. Consider enabling transient error resiliency by adding 'EnableRetryOnFailure' to the 'UseSqlServer' call.
</Data></EventData></Event><Event><System><Provider Name=".NET Runtime"/><EventID>1000</EventID><Level>1</Level><Task>0</Task><Keywords>Keywords</Keywords><TimeCreated SystemTime="2025-06-23T23:58:25Z"/><EventRecordID>1636175109</EventRecordID><Channel>Application</Channel><Computer>WEBWK000003</Computer><Security/></System><EventData><Data>Category: Web
EventId: 0

An exception has been raised that is likely due to a transient failure. Consider enabling transient error resiliency by adding 'EnableRetryOnFailure' to the 'UseSqlServer' call.
</Data></EventData></Event><Event><System><Provider Name=".NET Runtime"/><EventID>1000</EventID><Level>1</Level><Task>0</Task><Keywords>Keywords</Keywords><TimeCreated SystemTime="2025-06-23T23:58:39Z"/><EventRecordID>1636189875</EventRecordID><Channel>Application</Channel><Computer>WEBWK000003</Computer><Security/></System><EventData><Data>Category: Web
EventId: 0

An exception has been raised that is likely due to a transient failure. Consider enabling transient error resiliency by adding 'EnableRetryOnFailure' to the 'UseSqlServer' call.
</Data></EventData></Event><Event><System><Provider Name=".NET Runtime"/><EventID>1000</EventID><Level>1</Level><Task>0</Task><Keywords>Keywords</Keywords><TimeCreated SystemTime="2025-06-23T23:58:54Z"/><EventRecordID>1636204609</EventRecordID><Channel>Application</Channel><Computer>WEBWK000003</Computer><Security/></System><EventData><Data>Category: Web
EventId: 0

An exception has been raised that is likely due to a transient failure. Consider enabling transient error resiliency by adding 'EnableRetryOnFailure' to the 'UseSqlServer' call.
</Data></EventData></Event><Event><System><Provider Name="IIS AspNetCore Module V2"/><EventID>1005</EventID><Level>2</Level><Task>0</Task><Keywords>Keywords</Keywords><TimeCreated SystemTime="2025-06-23T23:59:09Z"/><EventRecordID>1636219281</EventRecordID><Channel>Application</Channel><Computer>WEBWK000003</Computer><Security/></System><EventData><Data>Failed to gracefully shutdown application 'MACHINE/WEBROOT/APPHOST/ESHOPDEMO'.</Data><Data>Process Id: 9392.</Data><Data>File Version: 18.0.25107.16. Description: IIS ASP.NET Core Module V2 Request Handler. Commit: </Data></EventData></Event><Event><System><Provider Name="IIS AspNetCore Module V2"/><EventID>1007</EventID><Level>1</Level><Task>0</Task><Keywords>Keywords</Keywords><TimeCreated SystemTime="2025-06-23T23:59:09Z"/><EventRecordID>1636219281</EventRecordID><Channel>Application</Channel><Computer>WEBWK000003</Computer><Security/></System><EventData><Data>Application '/LM/W3SVC/165927830/ROOT' with physical root 'C:\home\site\wwwroot\' failed to load coreclr. Exception message:
Managed server didn't initialize after 120000 ms.</Data><Data>Process Id: 9392.</Data><Data>File Version: 18.0.25107.16. Description: IIS ASP.NET Core Module V2 Request Handler. Commit: </Data></EventData></Event><Event><System><Provider Name=".NET Runtime"/><EventID>1000</EventID><Level>1</Level><Task>0</Task><Keywords>Keywords</Keywords><TimeCreated SystemTime="2025-06-23T23:59:09Z"/><EventRecordID>1636219359</EventRecordID><Channel>Application</Channel><Computer>WEBWK000003</Computer><Security/></System><EventData><Data>Category: Web
EventId: 0

An exception has been raised that is likely due to a transient failure. Consider enabling transient error resiliency by adding 'EnableRetryOnFailure' to the 'UseSqlServer' call.
</Data></EventData></Event><Event><System><Provider Name=".NET Runtime"/><EventID>1000</EventID><Level>1</Level><Task>0</Task><Keywords>Keywords</Keywords><TimeCreated SystemTime="2025-06-23T23:59:30Z"/><EventRecordID>1636240609</EventRecordID><Channel>Application</Channel><Computer>WEBWK000003</Computer><Security/></System><EventData><Data>Category: Web
EventId: 0

An exception has been raised that is likely due to a transient failure. Consider enabling transient error resiliency by adding 'EnableRetryOnFailure' to the 'UseSqlServer' call.
</Data></EventData></Event><Event><System><Provider Name=".NET Runtime"/><EventID>1000</EventID><Level>1</Level><Task>0</Task><Keywords>Keywords</Keywords><TimeCreated SystemTime="2025-06-23T23:59:45Z"/><EventRecordID>1636255375</EventRecordID><Channel>Application</Channel><Computer>WEBWK000003</Computer><Security/></System><EventData><Data>Category: Web
EventId: 0

An exception has been raised that is likely due to a transient failure. Consider enabling transient error resiliency by adding 'EnableRetryOnFailure' to the 'UseSqlServer' call.
</Data></EventData></Event><Event><System><Provider Name=".NET Runtime"/><EventID>1000</EventID><Level>1</Level><Task>0</Task><Keywords>Keywords</Keywords><TimeCreated SystemTime="2025-06-24T00:00:00Z"/><EventRecordID>1636270093</EventRecordID><Channel>Application</Channel><Computer>WEBWK000003</Computer><Security/></System><EventData><Data>Category: Web
EventId: 0

An exception has been raised that is likely due to a transient failure. Consider enabling transient error resiliency by adding 'EnableRetryOnFailure' to the 'UseSqlServer' call.
</Data></EventData></Event><Event><System><Provider Name=".NET Runtime"/><EventID>1000</EventID><Level>1</Level><Task>0</Task><Keywords>Keywords</Keywords><TimeCreated SystemTime="2025-06-24T00:00:14Z"/><EventRecordID>1636284812</EventRecordID><Channel>Application</Channel><Computer>WEBWK000003</Computer><Security/></System><EventData><Data>Category: Web
EventId: 0

An exception has been raised that is likely due to a transient failure. Consider enabling transient error resiliency by adding 'EnableRetryOnFailure' to the 'UseSqlServer' call.
</Data></EventData></Event><Event><System><Provider Name=".NET Runtime"/><EventID>1000</EventID><Level>1</Level><Task>0</Task><Keywords>Keywords</Keywords><TimeCreated SystemTime="2025-06-24T00:00:29Z"/><EventRecordID>1636299562</EventRecordID><Channel>Application</Channel><Computer>WEBWK000003</Computer><Security/></System><EventData><Data>Category: Web
EventId: 0

An exception has been raised that is likely due to a transient failure. Consider enabling transient error resiliency by adding 'EnableRetryOnFailure' to the 'UseSqlServer' call.
</Data></EventData></Event><Event><System><Provider Name=".NET Runtime"/><EventID>1000</EventID><Level>1</Level><Task>0</Task><Keywords>Keywords</Keywords><TimeCreated SystemTime="2025-06-24T00:00:44Z"/><EventRecordID>1636314312</EventRecordID><Channel>Application</Channel><Computer>WEBWK000003</Computer><Security/></System><EventData><Data>Category: Web
EventId: 0

An exception has been raised that is likely due to a transient failure. Consider enabling transient error resiliency by adding 'EnableRetryOnFailure' to the 'UseSqlServer' call.
</Data></EventData></Event><Event><System><Provider Name=".NET Runtime"/><EventID>1000</EventID><Level>1</Level><Task>0</Task><Keywords>Keywords</Keywords><TimeCreated SystemTime="2025-06-24T00:00:58Z"/><EventRecordID>1636329062</EventRecordID><Channel>Application</Channel><Computer>WEBWK000003</Computer><Security/></System><EventData><Data>Category: Web
EventId: 0

An exception has been raised that is likely due to a transient failure. Consider enabling transient error resiliency by adding 'EnableRetryOnFailure' to the 'UseSqlServer' call.
</Data></EventData></Event><Event><System><Provider Name=".NET Runtime"/><EventID>1000</EventID><Level>1</Level><Task>0</Task><Keywords>Keywords</Keywords><TimeCreated SystemTime="2025-06-24T00:01:13Z"/><EventRecordID>1636343812</EventRecordID><Channel>Application</Channel><Computer>WEBWK000003</Computer><Security/></System><EventData><Data>Category: Web
EventId: 0

An exception has been raised that is likely due to a transient failure. Consider enabling transient error resiliency by adding 'EnableRetryOnFailure' to the 'UseSqlServer' call.
</Data></EventData></Event><Event><System><Provider Name="IIS AspNetCore Module V2"/><EventID>1005</EventID><Level>2</Level><Task>0</Task><Keywords>Keywords</Keywords><TimeCreated SystemTime="2025-06-24T00:01:13Z"/><EventRecordID>1636343828</EventRecordID><Channel>Application</Channel><Computer>WEBWK000003</Computer><Security/></System><EventData><Data>Failed to gracefully shutdown application 'MACHINE/WEBROOT/APPHOST/ESHOPDEMO'.</Data><Data>Process Id: 5728.</Data><Data>File Version: 18.0.25107.16. Description: IIS ASP.NET Core Module V2 Request Handler. Commit: </Data></EventData></Event><Event><System><Provider Name="IIS AspNetCore Module V2"/><EventID>1007</EventID><Level>1</Level><Task>0</Task><Keywords>Keywords</Keywords><TimeCreated SystemTime="2025-06-24T00:01:13Z"/><EventRecordID>1636343828</EventRecordID><Channel>Application</Channel><Computer>WEBWK000003</Computer><Security/></System><EventData><Data>Application '/LM/W3SVC/165927830/ROOT' with physical root 'C:\home\site\wwwroot\' failed to load coreclr. Exception message:
Managed server didn't initialize after 120000 ms.</Data><Data>Process Id: 5728.</Data><Data>File Version: 18.0.25107.16. Description: IIS ASP.NET Core Module V2 Request Handler. Commit: </Data></EventData></Event><Event><System><Provider Name=".NET Runtime"/><EventID>1000</EventID><Level>1</Level><Task>0</Task><Keywords>Keywords</Keywords><TimeCreated SystemTime="2025-06-24T00:11:07Z"/><EventRecordID>1636937203</EventRecordID><Channel>Application</Channel><Computer>WEBWK000003</Computer><Security/></System><EventData><Data>Category: Web
EventId: 0

An exception has been raised that is likely due to a transient failure. Consider enabling transient error resiliency by adding 'EnableRetryOnFailure' to the 'UseSqlServer' call.
</Data></EventData></Event><Event><System><Provider Name=".NET Runtime"/><EventID>1000</EventID><Level>1</Level><Task>0</Task><Keywords>Keywords</Keywords><TimeCreated SystemTime="2025-06-24T00:11:21Z"/><EventRecordID>1636951921</EventRecordID><Channel>Application</Channel><Computer>WEBWK000003</Computer><Security/></System><EventData><Data>Category: Web
EventId: 0

An exception has been raised that is likely due to a transient failure. Consider enabling transient error resiliency by adding 'EnableRetryOnFailure' to the 'UseSqlServer' call.
</Data></EventData></Event><Event><System><Provider Name=".NET Runtime"/><EventID>1000</EventID><Level>1</Level><Task>0</Task><Keywords>Keywords</Keywords><TimeCreated SystemTime="2025-06-24T00:11:36Z"/><EventRecordID>1636966671</EventRecordID><Channel>Application</Channel><Computer>WEBWK000003</Computer><Security/></System><EventData><Data>Category: Web
EventId: 0

An exception has been raised that is likely due to a transient failure. Consider enabling transient error resiliency by adding 'EnableRetryOnFailure' to the 'UseSqlServer' call.
</Data></EventData></Event><Event><System><Provider Name=".NET Runtime"/><EventID>1000</EventID><Level>1</Level><Task>0</Task><Keywords>Keywords</Keywords><TimeCreated SystemTime="2025-06-24T00:11:51Z"/><EventRecordID>1636981390</EventRecordID><Channel>Application</Channel><Computer>WEBWK000003</Computer><Security/></System><EventData><Data>Category: Web
EventId: 0

An exception has been raised that is likely due to a transient failure. Consider enabling transient error resiliency by adding 'EnableRetryOnFailure' to the 'UseSqlServer' call.
</Data></EventData></Event><Event><System><Provider Name=".NET Runtime"/><EventID>1000</EventID><Level>1</Level><Task>0</Task><Keywords>Keywords</Keywords><TimeCreated SystemTime="2025-06-24T00:12:06Z"/><EventRecordID>1636996125</EventRecordID><Channel>Application</Channel><Computer>WEBWK000003</Computer><Security/></System><EventData><Data>Category: Web
EventId: 0

An exception has been raised that is likely due to a transient failure. Consider enabling transient error resiliency by adding 'EnableRetryOnFailure' to the 'UseSqlServer' call.
</Data></EventData></Event><Event><System><Provider Name=".NET Runtime"/><EventID>1000</EventID><Level>1</Level><Task>0</Task><Keywords>Keywords</Keywords><TimeCreated SystemTime="2025-06-24T00:12:20Z"/><EventRecordID>1637010875</EventRecordID><Channel>Application</Channel><Computer>WEBWK000003</Computer><Security/></System><EventData><Data>Category: Web
EventId: 0

An exception has been raised that is likely due to a transient failure. Consider enabling transient error resiliency by adding 'EnableRetryOnFailure' to the 'UseSqlServer' call.
</Data></EventData></Event><Event><System><Provider Name=".NET Runtime"/><EventID>1000</EventID><Level>1</Level><Task>0</Task><Keywords>Keywords</Keywords><TimeCreated SystemTime="2025-06-24T00:12:35Z"/><EventRecordID>1637025593</EventRecordID><Channel>Application</Channel><Computer>WEBWK000003</Computer><Security/></System><EventData><Data>Category: Web
EventId: 0

An exception has been raised that is likely due to a transient failure. Consider enabling transient error resiliency by adding 'EnableRetryOnFailure' to the 'UseSqlServer' call.
</Data></EventData></Event><Event><System><Provider Name=".NET Runtime"/><EventID>1000</EventID><Level>1</Level><Task>0</Task><Keywords>Keywords</Keywords><TimeCreated SystemTime="2025-06-24T00:12:50Z"/><EventRecordID>1637040312</EventRecordID><Channel>Application</Channel><Computer>WEBWK000003</Computer><Security/></System><EventData><Data>Category: Web
EventId: 0

An exception has been raised that is likely due to a transient failure. Consider enabling transient error resiliency by adding 'EnableRetryOnFailure' to the 'UseSqlServer' call.
</Data></EventData></Event><Event><System><Provider Name="IIS AspNetCore Module V2"/><EventID>1005</EventID><Level>2</Level><Task>0</Task><Keywords>Keywords</Keywords><TimeCreated SystemTime="2025-06-24T00:12:50Z"/><EventRecordID>1637040343</EventRecordID><Channel>Application</Channel><Computer>WEBWK000003</Computer><Security/></System><EventData><Data>Failed to gracefully shutdown application 'MACHINE/WEBROOT/APPHOST/ESHOPDEMO'.</Data><Data>Process Id: 8404.</Data><Data>File Version: 18.0.25107.16. Description: IIS ASP.NET Core Module V2 Request Handler. Commit: </Data></EventData></Event><Event><System><Provider Name="IIS AspNetCore Module V2"/><EventID>1007</EventID><Level>1</Level><Task>0</Task><Keywords>Keywords</Keywords><TimeCreated SystemTime="2025-06-24T00:12:50Z"/><EventRecordID>1637040343</EventRecordID><Channel>Application</Channel><Computer>WEBWK000003</Computer><Security/></System><EventData><Data>Application '/LM/W3SVC/165927830/ROOT' with physical root 'C:\home\site\wwwroot\' failed to load coreclr. Exception message:
Managed server didn't initialize after 120000 ms.</Data><Data>Process Id: 8404.</Data><Data>File Version: 18.0.25107.16. Description: IIS ASP.NET Core Module V2 Request Handler. Commit: </Data></EventData></Event><Event><System><Provider Name=".NET Runtime"/><EventID>1000</EventID><Level>1</Level><Task>0</Task><Keywords>Keywords</Keywords><TimeCreated SystemTime="2025-06-24T00:13:10Z"/><EventRecordID>1637060921</EventRecordID><Channel>Application</Channel><Computer>WEBWK000003</Computer><Security/></System><EventData><Data>Category: Web
EventId: 0

An exception has been raised that is likely due to a transient failure. Consider enabling transient error resiliency by adding 'EnableRetryOnFailure' to the 'UseSqlServer' call.
</Data></EventData></Event><Event><System><Provider Name=".NET Runtime"/><EventID>1000</EventID><Level>1</Level><Task>0</Task><Keywords>Keywords</Keywords><TimeCreated SystemTime="2025-06-24T00:13:25Z"/><EventRecordID>1637075671</EventRecordID><Channel>Application</Channel><Computer>WEBWK000003</Computer><Security/></System><EventData><Data>Category: Web
EventId: 0

An exception has been raised that is likely due to a transient failure. Consider enabling transient error resiliency by adding 'EnableRetryOnFailure' to the 'UseSqlServer' call.
</Data></EventData></Event><Event><System><Provider Name=".NET Runtime"/><EventID>1000</EventID><Level>1</Level><Task>0</Task><Keywords>Keywords</Keywords><TimeCreated SystemTime="2025-06-24T00:13:40Z"/><EventRecordID>1637090421</EventRecordID><Channel>Application</Channel><Computer>WEBWK000003</Computer><Security/></System><EventData><Data>Category: Web
EventId: 0

An exception has been raised that is likely due to a transient failure. Consider enabling transient error resiliency by adding 'EnableRetryOnFailure' to the 'UseSqlServer' call.
</Data></EventData></Event><Event><System><Provider Name=".NET Runtime"/><EventID>1000</EventID><Level>1</Level><Task>0</Task><Keywords>Keywords</Keywords><TimeCreated SystemTime="2025-06-24T00:13:55Z"/><EventRecordID>1637105156</EventRecordID><Channel>Application</Channel><Computer>WEBWK000003</Computer><Security/></System><EventData><Data>Category: Web
EventId: 0

An exception has been raised that is likely due to a transient failure. Consider enabling transient error resiliency by adding 'EnableRetryOnFailure' to the 'UseSqlServer' call.
</Data></EventData></Event><Event><System><Provider Name=".NET Runtime"/><EventID>1000</EventID><Level>1</Level><Task>0</Task><Keywords>Keywords</Keywords><TimeCreated SystemTime="2025-06-24T00:14:09Z"/><EventRecordID>1637119890</EventRecordID><Channel>Application</Channel><Computer>WEBWK000003</Computer><Security/></System><EventData><Data>Category: Web
EventId: 0

An exception has been raised that is likely due to a transient failure. Consider enabling transient error resiliency by adding 'EnableRetryOnFailure' to the 'UseSqlServer' call.
</Data></EventData></Event><Event><System><Provider Name=".NET Runtime"/><EventID>1000</EventID><Level>1</Level><Task>0</Task><Keywords>Keywords</Keywords><TimeCreated SystemTime="2025-06-24T00:14:24Z"/><EventRecordID>1637134609</EventRecordID><Channel>Application</Channel><Computer>WEBWK000003</Computer><Security/></System><EventData><Data>Category: Web
EventId: 0

An exception has been raised that is likely due to a transient failure. Consider enabling transient error resiliency by adding 'EnableRetryOnFailure' to the 'UseSqlServer' call.
</Data></EventData></Event><Event><System><Provider Name=".NET Runtime"/><EventID>1000</EventID><Level>1</Level><Task>0</Task><Keywords>Keywords</Keywords><TimeCreated SystemTime="2025-06-24T00:14:39Z"/><EventRecordID>1637149328</EventRecordID><Channel>Application</Channel><Computer>WEBWK000003</Computer><Security/></System><EventData><Data>Category: Web
EventId: 0

An exception has been raised that is likely due to a transient failure. Consider enabling transient error resiliency by adding 'EnableRetryOnFailure' to the 'UseSqlServer' call.
</Data></EventData></Event><Event><System><Provider Name="IIS AspNetCore Module V2"/><EventID>1005</EventID><Level>2</Level><Task>0</Task><Keywords>Keywords</Keywords><TimeCreated SystemTime="2025-06-24T00:14:54Z"/><EventRecordID>1637164046</EventRecordID><Channel>Application</Channel><Computer>WEBWK000003</Computer><Security/></System><EventData><Data>Failed to gracefully shutdown application 'MACHINE/WEBROOT/APPHOST/ESHOPDEMO'.</Data><Data>Process Id: 7688.</Data><Data>File Version: 18.0.25107.16. Description: IIS ASP.NET Core Module V2 Request Handler. Commit: </Data></EventData></Event><Event><System><Provider Name="IIS AspNetCore Module V2"/><EventID>1007</EventID><Level>1</Level><Task>0</Task><Keywords>Keywords</Keywords><TimeCreated SystemTime="2025-06-24T00:14:54Z"/><EventRecordID>1637164046</EventRecordID><Channel>Application</Channel><Computer>WEBWK000003</Computer><Security/></System><EventData><Data>Application '/LM/W3SVC/165927830/ROOT' with physical root 'C:\home\site\wwwroot\' failed to load coreclr. Exception message:
Managed server didn't initialize after 120000 ms.</Data><Data>Process Id: 7688.</Data><Data>File Version: 18.0.25107.16. Description: IIS ASP.NET Core Module V2 Request Handler. Commit: </Data></EventData></Event><Event><System><Provider Name=".NET Runtime"/><EventID>1000</EventID><Level>1</Level><Task>0</Task><Keywords>Keywords</Keywords><TimeCreated SystemTime="2025-06-24T00:14:54Z"/><EventRecordID>1637164062</EventRecordID><Channel>Application</Channel><Computer>WEBWK000003</Computer><Security/></System><EventData><Data>Category: Web
EventId: 0

An exception has been raised that is likely due to a transient failure. Consider enabling transient error resiliency by adding 'EnableRetryOnFailure' to the 'UseSqlServer' call.
</Data></EventData></Event><Event><System><Provider Name=".NET Runtime"/><EventID>1000</EventID><Level>1</Level><Task>0</Task><Keywords>Keywords</Keywords><TimeCreated SystemTime="2025-06-24T00:41:29Z"/><EventRecordID>1638759609</EventRecordID><Channel>Application</Channel><Computer>WEBWK000003</Computer><Security/></System><EventData><Data>Category: Web
EventId: 0

An exception has been raised that is likely due to a transient failure. Consider enabling transient error resiliency by adding 'EnableRetryOnFailure' to the 'UseSqlServer' call.
</Data></EventData></Event><Event><System><Provider Name=".NET Runtime"/><EventID>1000</EventID><Level>1</Level><Task>0</Task><Keywords>Keywords</Keywords><TimeCreated SystemTime="2025-06-24T00:41:44Z"/><EventRecordID>1638774343</EventRecordID><Channel>Application</Channel><Computer>WEBWK000003</Computer><Security/></System><EventData><Data>Category: Web
EventId: 0

An exception has been raised that is likely due to a transient failure. Consider enabling transient error resiliency by adding 'EnableRetryOnFailure' to the 'UseSqlServer' call.
</Data></EventData></Event><Event><System><Provider Name=".NET Runtime"/><EventID>1000</EventID><Level>1</Level><Task>0</Task><Keywords>Keywords</Keywords><TimeCreated SystemTime="2025-06-24T00:41:59Z"/><EventRecordID>1638789093</EventRecordID><Channel>Application</Channel><Computer>WEBWK000003</Computer><Security/></System><EventData><Data>Category: Web
EventId: 0

An exception has been raised that is likely due to a transient failure. Consider enabling transient error resiliency by adding 'EnableRetryOnFailure' to the 'UseSqlServer' call.
</Data></EventData></Event><Event><System><Provider Name=".NET Runtime"/><EventID>1000</EventID><Level>1</Level><Task>0</Task><Keywords>Keywords</Keywords><TimeCreated SystemTime="2025-06-24T00:42:13Z"/><EventRecordID>1638803828</EventRecordID><Channel>Application</Channel><Computer>WEBWK000003</Computer><Security/></System><EventData><Data>Category: Web
EventId: 0

An exception has been raised that is likely due to a transient failure. Consider enabling transient error resiliency by adding 'EnableRetryOnFailure' to the 'UseSqlServer' call.
</Data></EventData></Event><Event><System><Provider Name=".NET Runtime"/><EventID>1000</EventID><Level>1</Level><Task>0</Task><Keywords>Keywords</Keywords><TimeCreated SystemTime="2025-06-24T00:42:28Z"/><EventRecordID>1638818578</EventRecordID><Channel>Application</Channel><Computer>WEBWK000003</Computer><Security/></System><EventData><Data>Category: Web
EventId: 0

An exception has been raised that is likely due to a transient failure. Consider enabling transient error resiliency by adding 'EnableRetryOnFailure' to the 'UseSqlServer' call.
</Data></EventData></Event><Event><System><Provider Name=".NET Runtime"/><EventID>1000</EventID><Level>1</Level><Task>0</Task><Keywords>Keywords</Keywords><TimeCreated SystemTime="2025-06-24T00:42:43Z"/><EventRecordID>1638833343</EventRecordID><Channel>Application</Channel><Computer>WEBWK000003</Computer><Security/></System><EventData><Data>Category: Web
EventId: 0

An exception has been raised that is likely due to a transient failure. Consider enabling transient error resiliency by adding 'EnableRetryOnFailure' to the 'UseSqlServer' call.
</Data></EventData></Event><Event><System><Provider Name=".NET Runtime"/><EventID>1000</EventID><Level>1</Level><Task>0</Task><Keywords>Keywords</Keywords><TimeCreated SystemTime="2025-06-24T00:42:58Z"/><EventRecordID>1638848109</EventRecordID><Channel>Application</Channel><Computer>WEBWK000003</Computer><Security/></System><EventData><Data>Category: Web
EventId: 0

An exception has been raised that is likely due to a transient failure. Consider enabling transient error resiliency by adding 'EnableRetryOnFailure' to the 'UseSqlServer' call.
</Data></EventData></Event><Event><System><Provider Name="IIS AspNetCore Module V2"/><EventID>1005</EventID><Level>2</Level><Task>0</Task><Keywords>Keywords</Keywords><TimeCreated SystemTime="2025-06-24T00:43:12Z"/><EventRecordID>1638862656</EventRecordID><Channel>Application</Channel><Computer>WEBWK000003</Computer><Security/></System><EventData><Data>Failed to gracefully shutdown application 'MACHINE/WEBROOT/APPHOST/ESHOPDEMO'.</Data><Data>Process Id: 9284.</Data><Data>File Version: 18.0.25107.16. Description: IIS ASP.NET Core Module V2 Request Handler. Commit: </Data></EventData></Event><Event><System><Provider Name="IIS AspNetCore Module V2"/><EventID>1007</EventID><Level>1</Level><Task>0</Task><Keywords>Keywords</Keywords><TimeCreated SystemTime="2025-06-24T00:43:12Z"/><EventRecordID>1638862656</EventRecordID><Channel>Application</Channel><Computer>WEBWK000003</Computer><Security/></System><EventData><Data>Application '/LM/W3SVC/165927830/ROOT' with physical root 'C:\home\site\wwwroot\' failed to load coreclr. Exception message:
Managed server didn't initialize after 120000 ms.</Data><Data>Process Id: 9284.</Data><Data>File Version: 18.0.25107.16. Description: IIS ASP.NET Core Module V2 Request Handler. Commit: </Data></EventData></Event><Event><System><Provider Name=".NET Runtime"/><EventID>1000</EventID><Level>1</Level><Task>0</Task><Keywords>Keywords</Keywords><TimeCreated SystemTime="2025-06-24T00:43:12Z"/><EventRecordID>1638862843</EventRecordID><Channel>Application</Channel><Computer>WEBWK000003</Computer><Security/></System><EventData><Data>Category: Web
EventId: 0

An exception has been raised that is likely due to a transient failure. Consider enabling transient error resiliency by adding 'EnableRetryOnFailure' to the 'UseSqlServer' call.
</Data></EventData></Event></Events>