<step title="Incoming Request" date="2025-06-23T23:49:04.986" instance="22a7da" url="/api/siteextensions/Microsoft.AspNetCore.AzureAppServices.SiteExtension" method="PUT" type="request" pid="4300,2,13" Content-Length="0" Content-Type="application/json; charset=utf-8" Content-Encoding="utf-8" Accept-Encoding="gzip, deflate" Authorization="Bas..." Cookie="ARRAffinity=22a7daa836b64a8ce56c907737553d08297ff2e76cd06a1f52c29956b9a85c17; ARRAffinitySameSite=22a7daa836b64a8ce56c907737553d08297ff2e76cd06a1f52c29956b9a85c17" Host="eshopdemo-fyetacehg5eud6f0.scm.brazilsouth-01.azurewebsites.net" If-Match="&quot;*&quot;" User-Agent="Visual-Studio/17.14.7+36221.1 WebToolsExtension/17.14.114.53116" X-ARR-LOG-ID="3e27ff84-a094-4913-9d1a-95f5f0b47d62" CLIENT-IP="179.6.0.112:42067" X-SITE-DEPLOYMENT-ID="eshopdemo" WAS-DEFAULT-HOSTNAME="eshopdemo-fyetacehg5eud6f0.scm.brazilsouth-01.azurewebsites.net" X-Forwarded-Proto="https" X-AppService-Proto="https" X-Forwarded-TlsVersion="1.3" X-WAWS-Unencoded-URL="/api/siteextensions/Microsoft.AspNetCore.AzureAppServices.SiteExtension" >
  <step title="Cleanup Xml Logs" date="2025-06-23T23:49:05.017" /><!-- duration: 0ms -->
  <step title="Installing Microsoft.AspNetCore.AzureAppServices.SiteExtension, version:  from feed: , packageUri: " date="2025-06-23T23:49:05.095" /><!-- duration: 16ms -->
  <step title="Installing &apos;Microsoft.AspNetCore.AzureAppServices.SiteExtension&apos; version &apos;&apos; from &apos;&apos;" date="2025-06-23T23:49:05.377" >
    <step title="Site Extension Microsoft.AspNetCore.AzureAppServices.SiteExtension remote version is 9.0.6" date="2025-06-23T23:49:07.033" /><!-- duration: 0ms -->
    <step title="FeedExtensionsV2 search package by id: Microsoft.AspNetCore.AzureAppServices.SiteExtension and version: ." date="2025-06-23T23:49:07.033" /><!-- duration: 47ms -->
    <step title="Install package: Microsoft.AspNetCore.AzureAppServices.SiteExtension." date="2025-06-23T23:49:07.080" >
      <step title="Download site extension: Microsoft.AspNetCore.AzureAppServices.SiteExtension" date="2025-06-23T23:49:07.095" /><!-- duration: 3579ms -->
      <step title="Check if applicationHost.xdt or scmApplicationHost.xdt file existed." date="2025-06-23T23:49:10.675" /><!-- duration: 16ms -->
      <step title="Trigger site extension job" date="2025-06-23T23:49:10.690" /><!-- duration: 16ms -->
    </step><!-- duration: 3673ms -->
    <step title="Update arm settings for Microsoft.AspNetCore.AzureAppServices.SiteExtension installation. Status: OK" date="2025-06-23T23:49:10.800" /><!-- duration: 125ms -->
  </step><!-- duration: 5564ms -->
  <step title="Outgoing response" date="2025-06-23T23:49:11.003" type="response" statusCode="200" statusText="OK" Server="Microsoft-IIS/10.0" x-ms-request-id="3e27ff84-a094-4913-9d1a-95f5f0b47d62" Cache-Control="private" X-AspNet-Version="4.0.30319" Content-Type="application/json; charset=utf-8" /><!-- duration: 0ms -->
</step><!-- duration: 6032ms -->
